Apple 아이폰 13 256GB [자급제],"1,168,500원",https://cr.shopping.naver.com/adcr.nhn?x=LJN8qC4ht02jBKGJZlV7jP%2F%2F%2Fw%3D%3DsIRFop%2FI%2BI0xKHoAXOO%2Bk1g1jA3w6Gfi0ALjFClBNF71WQE1WikGGRjsm7ORTamZ7MLjTdBmQuC0l7MyNEPlmezrRuQTCiepZ8XMww9XDl%2FEZ2gLOrbwWZjrwEhOcZvsepag1ROb7XgBjDLYiZbPBJ0Pg%2F6PYJW9LpCSumzPJoiiI9aZyW4hhCgmcrsQhWGWG%2FjBmTqA4xW4sMIcltjwt3PKAXVfyDB1yTbVYYpYzcFnUHxlEatbmVq7jmztE%2Fywsq4Eg2Ad0XFOTYmxZhzr0mzkrJsD%2BxslnIbtSbMjuMWOAbCY81f975eS5nfR25FBiP83WAv8GAIoQ0MwLPWeb%2FdwZv5abUpmqqU4Gq1mI9w8VjQCpIk5kx4sJW2hrRfnKYYyQomAOCRwvaXv4BU13v%2F7G6gU%2BT04d9KDHq8TV%2FvGZzZyDfGo1SQoYRvXGDzWdJDnYvpfz%2Bh%2BZ6wVz3KJUXlU7hoT3oTlvWPL0X%2FR8212ZZd0C6e2Zyps4U6T5DErBOxilYCt%2Bs%2Fg5ZAbpoXoi2K%2FNkeV1%2B4PJcPhqcDqMLyKtqaMHAJkj0DAJXiYJNZCZCXIMYKkzT061mzrwfgc%2F8PP6PbTpA3PlZB5U7nSw4i5Xc50eBITwugSNPH3Ok09sVpGw61BSdoQRvEGgfFlc5w%3D%3D&nvMid=29029192591&catId=50001519
Apple 아이폰 13 미니 128GB [자급제],"899,000원",https://cr.shopping.naver.com/adcr.nhn?x=vcWCCuZ5uobEVpf%2F9W6He%2F%2F%2F%2Fw%3D%3DszM%2B63yr4FFWoAcJWX7V1G9eRER6N3X5wiRptIyGSyb1hJz9H0Ub4KLvuVTVtNMxMwofyGO5PGWlCpL9v7MOTy7OEGt8aXKNSue9eOC5Vs3%2F7uq8piscEeub94n3xWJMa1%2FSlB95tpnZri1PLhHZLnci30QtKP1mA7BYZPpxeJLexWvZfe2todmJfmpbNrXnq2drsUEzev9hA0cDt%2BuxFM7ix7jXt7MNVc9AIu4EfDZlNEwRr%2B3STfYHGn%2FB5b3e4J0763J%2FY503AuDZjZCLGx4ehRMXOumafVpAdIZFAN%2BHDpmNu2Rs3tEPrV0ZTODsbWqyaFa2xLbpwGCJChqMDqo2qYqiwCrMm1XPC5StkpzY9Z0SeMqENQcl4GV2BeGrFK98KaIZa4VBE0V5wqYGSToVNdyc%2FVOyqtUcRZRa4W3YKdxpmR%2FOe9hARgxC56kTdfY6%2FHjXTWDbDzPbx50kyUctCCDv3O8qpgwhizJk%2FVqJxsF7LFolFgeQFlnrP8JWR8jR8gVF8FlQ9pItE8Zzc8mBb%2FmvR7FV%2FXXJd2t%2BGZOXQLjIEI144brbd%2Bq%2BYzqWS%2BgtF15PMkmjkNDmi88yMRdpyfDoiHIbG9Nuoqm9d3TBjtEEnHZo%2B%2FVuCJHvsmHjrDVCYCaeglF2rgr1u2OQIzQ%3D%3D&nvMid=29030650586&catId=50001519
Apple 아이폰 13 프로 128GB [자급제],"1,255,500원",https://cr.shopping.naver.com/adcr.nhn?x=SZyVGeYBIyvTZNYg0UA9Rf%2F%2F%2Fw%3D%3DsjvvumcVy1ki3cSMV%2BnHu%2BuAQ6WnfAQQ%2BNMUeeUsBlAxWQE1WikGGRjsm7ORTamZ7UIvbBwFoP6C%2B7ae2cWiGKzrRuQTCiepZ8XMww9XDl%2FEZ2gLOrbwWZjrwEhOcZvsepag1ROb7XgBjDLYiZbPBJ0Pg%2F6PYJW9LpCSumzPJoiiI9aZyW4hhCgmcrsQhWGWGwdrQOP9pRsgL9Xzjs9Fyk%2FKAXVfyDB1yTbVYYpYzcFnUHxlEatbmVq7jmztE%2Fywsq4Eg2Ad0XFOTYmxZhzr0mzkrJsD%2BxslnIbtSbMjuMWOAbCY81f975eS5nfR25FBiP83WAv8GAIoQ0MwLPWeb%2FRAbnx0oESSjdsnuut5LoAwVjQCpIk5kx4sJW2hrRfnKYYyQomAOCRwvaXv4BU13vxZCMZEaRWmpjeUjAQujE%2FSZzZyDfGo1SQoYRvXGDzWdJDnYvpfz%2Bh%2BZ6wVz3KJUXov5TurvHzcmsFW4yXHzYi0PVL%2B%2Frl5PLPXtI0kaP8PkmKdeEMdUbtmzDI4Aa7HQcdSxxJWA%2FjS3fXgbeCkvJ%2FKlX53Bn7%2BcIsvTxdaxaT9Y%2Fqy4FAfVXrxVJ0%2FiEW4NWMyFWaV3KyTCLLs9Y4RC1YMDfkLIyuldBS3f8m8e6nLmzUhNzs2VE%2B%2Bisqs3JAEppg%3D%3D&nvMid=29030420587&catId=50001519
Apple 아이폰 13 128GB [자급제],"1,035,500원",https://cr.shopping.naver.com/adcr.nhn?x=NOEqX%2BGVp%2FMXDG2Mzh2uW%2F%2F%2F%2Fw%3D%3DsI1oj7PqhGQzc6iCf5YMJ5pvLCZE3FkYburAoZafSjmtWQE1WikGGRjsm7ORTamZ7Ir7K8CuIkW3FlDDrLSCzyTrRuQTCiepZ8XMww9XDl%2FEZ2gLOrbwWZjrwEhOcZvsepag1ROb7XgBjDLYiZbPBJ0Pg%2F6PYJW9LpCSumzPJoiiI9aZyW4hhCgmcrsQhWGWG7TgBVo8UmYdzXRq3xjDWuvKAXVfyDB1yTbVYYpYzcFnUHxlEatbmVq7jmztE%2Fywsq4Eg2Ad0XFOTYmxZhzr0mzkrJsD%2BxslnIbtSbMjuMWOAbCY81f975eS5nfR25FBiP83WAv8GAIoQ0MwLPWeb%2Ffq5lc4rO4Mr0BkEM28z1OMVjQCpIk5kx4sJW2hrRfnKYYyQomAOCRwvaXv4BU13vz%2BNoOSr7iErlzdecUiQhkCZzZyDfGo1SQoYRvXGDzWdJDnYvpfz%2Bh%2BZ6wVz3KJUXn7N8hOagrgUUqgdkby1VcWZZd0C6e2Zyps4U6T5DErBvcQeIaAGIIQRnJcrzv7qxW%2BmWXCgPjZWuOQD07gO6TKtqaMHAJkj0DAJXiYJNZCZ%2Bxu62otc32LjEQwKGsQ4JjjDrN8%2FpQaKsXyL8ZGHr7rLVWGr8fvvH1mWvUgXPK6j&nvMid=29030374587&catId=50001519
Apple 아이폰 13 프로 256GB [자급제],"1,385,700원",https://cr.shopping.naver.com/adcr.nhn?x=%2FaLKnIQ0tBAgRm8uc1TLPv%2F%2F%2Fw%3D%3DsHYpLnMmVYGMz2vZdK6QLLssbocj0u%2BKaHvGJ16O68wRWQE1WikGGRjsm7ORTamZ7ZW27WebMXbo%2FxWWcC9OoEDrRuQTCiepZ8XMww9XDl%2FEZ2gLOrbwWZjrwEhOcZvsepag1ROb7XgBjDLYiZbPBJ0Pg%2F6PYJW9LpCSumzPJoiiI9aZyW4hhCgmcrsQhWGWGObEszBFb2RlRYVOgd6veGfKAXVfyDB1yTbVYYpYzcFnUHxlEatbmVq7jmztE%2Fywsq4Eg2Ad0XFOTYmxZhzr0mzkrJsD%2BxslnIbtSbMjuMWOAbCY81f975eS5nfR25FBiP83WAv8GAIoQ0MwLPWeb%2Farsc5q5feHYxzmcpEV1h0oVjQCpIk5kx4sJW2hrRfnKYYyQomAOCRwvaXv4BU13v9NWPGE1%2BN7%2BTgH1A8GupQyZzZyDfGo1SQoYRvXGDzWdJDnYvpfz%2Bh%2BZ6wVz3KJUXpoSJ4YK%2FhmXub29GG%2B9WM4PVL%2B%2Frl5PLPXtI0kaP8PkmKdeEMdUbtmzDI4Aa7HQcejZf8oD8KnMe3ZW%2FahKOrnHyPG1XcJwUFMCjTFpc%2FQBASIbJJHJxstflUn134TkkFRcVYj3CLCuVYSj1vqpW%2BkDfkLIyuldBS3f8m8e6nLmzUhNzs2VE%2B%2Bisqs3JAEppg%3D%3D&nvMid=29030492586&catId=50001519
Apple 아이폰 13 미니 256GB [자급제],"1,035,500원",https://cr.shopping.naver.com/adcr.nhn?x=EICATk6v%2BHo5pI5Samzcwf%2F%2F%2Fw%3D%3DsdN5GkFljUiyC8qjAepLw9sVf51U2qX53l%2F%2Bq644Q%2Fn1hJz9H0Ub4KLvuVTVtNMxMy5rPffILFPPRJl1ikCe5MLOEGt8aXKNSue9eOC5Vs3%2F7uq8piscEeub94n3xWJMa1%2FSlB95tpnZri1PLhHZLnci30QtKP1mA7BYZPpxeJLexWvZfe2todmJfmpbNrXnq057%2FmlbCMWUqQYtn8CmoI7ix7jXt7MNVc9AIu4EfDZlNEwRr%2B3STfYHGn%2FB5b3e4J0763J%2FY503AuDZjZCLGx4ehRMXOumafVpAdIZFAN%2BHDpmNu2Rs3tEPrV0ZTODsbWqyaFa2xLbpwGCJChqMDqvIj33YR%2FXKV87sWoY5MSII9Z0SeMqENQcl4GV2BeGrFK98KaIZa4VBE0V5wqYGSTllWg2kUlp6tyFWXJJAHtrUKdxpmR%2FOe9hARgxC56kTdfY6%2FHjXTWDbDzPbx50kyURem8dI%2B1%2Bz0DteaIIx6oLNHvnooNqPrYNxtJrDRXqeG8jR8gVF8FlQ9pItE8Zzc8r5NC95ON18lj9BirJJaI%2F7v7jV5V%2BlF98TBhwVD9Ckzjr%2Fvhuz%2FM2bOeEg7k3nONWvRRD3eF1Pi0p6qkOSYHtX0UbNk5di1V8jUMbmtHii%2FBq7h9PA5SrIXrcWPClBGWw%3D%3D&nvMid=29030437590&catId=50001519
Apple 아이폰 13 프로 맥스 256GB [자급제],"1,515,900원",https://cr.shopping.naver.com/adcr.nhn?x=fdJ1yE5SKZ67n9GocXZpQf%2F%2F%2Fw%3D%3DsKbJ5Vsrwi%2FUVznwEufY2bFzA7FSP260QOi4y8iV9BnlWQE1WikGGRjsm7ORTamZ796cT3Z40tXssn9BaM5OJejrRuQTCiepZ8XMww9XDl%2FEZ2gLOrbwWZjrwEhOcZvsepag1ROb7XgBjDLYiZbPBJ0Pg%2F6PYJW9LpCSumzPJoiiI9aZyW4hhCgmcrsQhWGWGGRvm2iC%2BAsbJBoGpPZJZjPKAXVfyDB1yTbVYYpYzcFnUHxlEatbmVq7jmztE%2Fywsq4Eg2Ad0XFOTYmxZhzr0mzkrJsD%2BxslnIbtSbMjuMWOAbCY81f975eS5nfR25FBiP83WAv8GAIoQ0MwLPWeb%2Fds0GfoQrJ%2B7fUdBpnswBP8VjQCpIk5kx4sJW2hrRfnKYYyQomAOCRwvaXv4BU13v4BwPD7JzBPkkRc75i2yEimZzZyDfGo1SQoYRvXGDzWdJDnYvpfz%2Bh%2BZ6wVz3KJUXsds9B%2BMUzAQtFYI3wiD8cabXOdqtsjsMd83yLMTRkxvFFcURuJXcA9fpBODYEj4uncpFPyXoiGXrZHj5E1KTraxcMUl8KVTk5pGRloaXpxmiA3%2FU2AzguC84AnoS7Lq%2BfFAj%2BQXm2DbBGra2Wj0zZwP9XJwaude6T%2F2sYQh72dgDhLBwu%2FFQS5xWYf5w6G3jQ%3D%3D&nvMid=29030294588&catId=50001519
Apple 아이폰 13 프로 맥스 128GB [자급제],"1,439,000원",https://cr.shopping.naver.com/adcr.nhn?x=GiG1E7rXjTUcBVPqrAqzhf%2F%2F%2Fw%3D%3DsuGKScnYIMFZc%2FOhQDmTIYJvPbNDKQy49GVsjLByuHDpWQE1WikGGRjsm7ORTamZ7nzQT2%2FH8vren2DlyNfThUjrRuQTCiepZ8XMww9XDl%2FEZ2gLOrbwWZjrwEhOcZvsepag1ROb7XgBjDLYiZbPBJ0Pg%2F6PYJW9LpCSumzPJoiiI9aZyW4hhCgmcrsQhWGWGhHspihOVp8HjBCkc%2F5FPbvKAXVfyDB1yTbVYYpYzcFnUHxlEatbmVq7jmztE%2Fywsq4Eg2Ad0XFOTYmxZhzr0mzkrJsD%2BxslnIbtSbMjuMWOAbCY81f975eS5nfR25FBiP83WAv8GAIoQ0MwLPWeb%2FRqVvm7j2NADMcYp5LmOU5IVjQCpIk5kx4sJW2hrRfnKYYyQomAOCRwvaXv4BU13v13vpX8wxNxp8OPthzopGpuZzZyDfGo1SQoYRvXGDzWdJDnYvpfz%2Bh%2BZ6wVz3KJUXsds9B%2BMUzAQtFYI3wiD8caQ%2FT8cRphjMXBFuIxjnx36FFcURuJXcA9fpBODYEj4uvaO9cTJ6rSlBsd0TC0nBIyu5DZoxFfJiYTnIqfFD9TZiA3%2FU2AzguC84AnoS7Lq%2BapAKc95Je0E8Q02RI3UbVw7f7VuvUyL5rJgQEjPLD4kDhLBwu%2FFQS5xWYf5w6G3jQ%3D%3D&nvMid=29030367587&catId=50001519
Apple 아이폰 13 프로 512GB [자급제],"1,636,800원",https://cr.shopping.naver.com/adcr.nhn?x=VVRMfvqDFFlg%2BP19baO4A%2F%2F%2F%2Fw%3D%3DsyKQPGis3bNE79AN6M5butU0gVS8n2OiMjRGg5TOxfyVWQE1WikGGRjsm7ORTamZ7KcdGSfezfbl4gxQWckVHeDrRuQTCiepZ8XMww9XDl%2FEZ2gLOrbwWZjrwEhOcZvsepag1ROb7XgBjDLYiZbPBJ0Pg%2F6PYJW9LpCSumzPJoiiI9aZyW4hhCgmcrsQhWGWGidrGyrdYG9xYKiUSnB31wfKAXVfyDB1yTbVYYpYzcFnUHxlEatbmVq7jmztE%2Fywsq4Eg2Ad0XFOTYmxZhzr0mzkrJsD%2BxslnIbtSbMjuMWOAbCY81f975eS5nfR25FBiP83WAv8GAIoQ0MwLPWeb%2FTB3F%2B9x0pPo7WACxqxGsXcVjQCpIk5kx4sJW2hrRfnKYYyQomAOCRwvaXv4BU13v7EMwTHm5eiJ4g0OYfZMqUSZzZyDfGo1SQoYRvXGDzWdJDnYvpfz%2Bh%2BZ6wVz3KJUXqhFrFbN1IsTjyodAHuMEs4PVL%2B%2Frl5PLPXtI0kaP8PkmKdeEMdUbtmzDI4Aa7HQccvBDugqq4OOboKxdHQtsptsN%2FWR5BOGeMRy%2FrEoXMQsehkzm6TPp1h0P2FevnkdL5mAS3XAz0KvmvNMC44tOdMDfkLIyuldBS3f8m8e6nLmzUhNzs2VE%2B%2Bisqs3JAEppg%3D%3D&nvMid=29030416587&catId=50001519
Apple 아이폰 13 프로 맥스 512GB [자급제],"1,767,000원",https://cr.shopping.naver.com/adcr.nhn?x=48tCe7ebFDNYrv4XbOGRW%2F%2F%2F%2Fw%3D%3DsgIVIA3fF8OT2D5sBos7GS0m1kV9eo5X6zTn%2FFGstfrJWQE1WikGGRjsm7ORTamZ7i4DNTbVg3qOgdjYfQ%2BiFRjrRuQTCiepZ8XMww9XDl%2FEZ2gLOrbwWZjrwEhOcZvsepag1ROb7XgBjDLYiZbPBJ0Pg%2F6PYJW9LpCSumzPJoiiI9aZyW4hhCgmcrsQhWGWGOUisOr%2FsrM0gmiALHeCsDvKAXVfyDB1yTbVYYpYzcFnUHxlEatbmVq7jmztE%2Fywsq4Eg2Ad0XFOTYmxZhzr0mzkrJsD%2BxslnIbtSbMjuMWOAbCY81f975eS5nfR25FBiP83WAv8GAIoQ0MwLPWeb%2FR30qvLJbPzkyvHG%2FYhRntAVjQCpIk5kx4sJW2hrRfnKYYyQomAOCRwvaXv4BU13v6Gi4IGxpUE%2FCcJXW72IVk%2BZzZyDfGo1SQoYRvXGDzWdJDnYvpfz%2Bh%2BZ6wVz3KJUXsds9B%2BMUzAQtFYI3wiD8cZlPAmOrFekIWjt9jg2%2By1jFFcURuJXcA9fpBODYEj4ujTaLVTowASY8dTSt1bXfvPmsHiVVyVRfsu2sU8llkBkiA3%2FU2AzguC84AnoS7Lq%2BQrWY6itk2MeDAOFiCgId4YKPVnXupyEJByghjg%2FCtXphWw3%2BIByOa0jCVNQVnCDoA%3D%3D&nvMid=29029192586&catId=50001519
Apple 아이폰 13 미니 512GB [자급제],"1,292,000원",https://cr.shopping.naver.com/adcr.nhn?x=MZfSVC5pEBlO6VsfiJQdEv%2F%2F%2Fw%3D%3Ds3MdOoP9yKPdW4T12GlWkgmW2vUDKwI1jcrwR%2F6VYJTlWQE1WikGGRjsm7ORTamZ7Cn%2FpQ8rE4AWzwxv%2FjkbuFzrRuQTCiepZ8XMww9XDl%2FEZ2gLOrbwWZjrwEhOcZvsepag1ROb7XgBjDLYiZbPBJ0Pg%2F6PYJW9LpCSumzPJoiiI9aZyW4hhCgmcrsQhWGWGRcIO%2FsSRKHMrPSPiMPM2BfKAXVfyDB1yTbVYYpYzcFnUHxlEatbmVq7jmztE%2Fywsq4Eg2Ad0XFOTYmxZhzr0mzkrJsD%2BxslnIbtSbMjuMWOAbCY81f975eS5nfR25FBiP83WAv8GAIoQ0MwLPWeb%2FUO0963x6BESfz69olmF0WoVjQCpIk5kx4sJW2hrRfnKYYyQomAOCRwvaXv4BU13vzRS%2FZccBEWDZQCV%2Fm86gXyZzZyDfGo1SQoYRvXGDzWdJDnYvpfz%2Bh%2BZ6wVz3KJUXmUbYPV0N%2BSR2v48tmtAQjMPVL%2B%2Frl5PLPXtI0kaP8PkmKdeEMdUbtmzDI4Aa7HQcXhGaUF5ZHGd4eFXXJXG72e1sFxW%2F%2BzeHqLcPQswcRSXezdPirNIEhU3YcDKwV2g5FNuShKCAZ2rJ6kljE46HXlvU2Y6hEEwGxc1AZfON9sL4VRAH%2BsMDObarUodGweR8Q%3D%3D&nvMid=29030296587&catId=50001519
Apple 아이폰 13 프로 맥스 1TB [자급제],"2,018,100원",https://cr.shopping.naver.com/adcr.nhn?x=cz8j4VhwCmN9QQVU9k94I%2F%2F%2F%2Fw%3D%3Ds3xwdDVhPa7W6Lf8ZyCzjygkuqmZwLEA1NJZBiFaAS5hhJz9H0Ub4KLvuVTVtNMxMPCQIBcbC5sGt5PtuYXvDBbOEGt8aXKNSue9eOC5Vs3%2F7uq8piscEeub94n3xWJMa1%2FSlB95tpnZri1PLhHZLnci30QtKP1mA7BYZPpxeJLexWvZfe2todmJfmpbNrXnqArgGaDBKbEfnwAwTC02FZ7ix7jXt7MNVc9AIu4EfDZlNEwRr%2B3STfYHGn%2FB5b3e4J0763J%2FY503AuDZjZCLGx4ehRMXOumafVpAdIZFAN%2BHDpmNu2Rs3tEPrV0ZTODsbWqyaFa2xLbpwGCJChqMDqlyAS4WLYCyfOtY50g1BC7M9Z0SeMqENQcl4GV2BeGrFK98KaIZa4VBE0V5wqYGSTkQptKfok8A3Gqgse4ggZ2cKdxpmR%2FOe9hARgxC56kTdfY6%2FHjXTWDbDzPbx50kyUd5TwUlrPPAA7xkROGh7c%2FIdInBmZUI7xsGJvU%2Fln4TpJQ7%2B%2B64EKB%2FCwjrIJoRho2LyPDWRgylYE96MH4EkL2biZ8SdYpZOxHKcbE5LFuawDWrhHEcp0p%2F%2FKKziu53PdKyMqL4%2BcaeKlO1hbmf%2BPM2HhSQvQRv3ZM9J8aFGAb7Yy1Vhq%2FH77x9Zlr1IFzyuow%3D%3D&nvMid=29029192590&catId=50001519
Apple 아이폰 13 프로 1TB [자급제],"1,887,900원",https://cr.shopping.naver.com/adcr.nhn?x=bh1rNmAOp7%2B6KX5JyxZQEv%2F%2F%2Fw%3D%3Dsa%2Fnac51ma6%2FLP1njzdNFPj1QMnT5r38MZlMUBwYG7opWQE1WikGGRjsm7ORTamZ7qNv9UhKY6IAWC2kgM9nPtTrRuQTCiepZ8XMww9XDl%2FEZ2gLOrbwWZjrwEhOcZvsepag1ROb7XgBjDLYiZbPBJ0Pg%2F6PYJW9LpCSumzPJoiiI9aZyW4hhCgmcrsQhWGWG4P666JAigMTzVZ%2Bn3tMVP%2FKAXVfyDB1yTbVYYpYzcFnUHxlEatbmVq7jmztE%2Fywsq4Eg2Ad0XFOTYmxZhzr0mzkrJsD%2BxslnIbtSbMjuMWOAbCY81f975eS5nfR25FBiP83WAv8GAIoQ0MwLPWeb%2FcbWrN48o7qSeOV11AtCKkIVjQCpIk5kx4sJW2hrRfnKYYyQomAOCRwvaXv4BU13v1ijlu%2F1Ad8hDkCoCM3G0VuZzZyDfGo1SQoYRvXGDzWdJDnYvpfz%2Bh%2BZ6wVz3KJUXpApXj%2FgdhHWz1aGeJzNhLPlE80KNwbfNxekQsGJejRksTXhzeKkynwlV5iG42bUw4SSQ7u81P%2FUTCsEVmuTOREBVwZTY%2B4kX%2BpXUsbH6xFzjXh5XLjrT8%2FyXF1Uhdiu40%2Fu%2Bneja5mzFDvugQ5HQhZWhZ3SMHTcLlpircdRzUgq1JIslBmdxaTx7xO1%2BPPoWw%3D%3D&nvMid=29029192588&catId=50001519
Apple 아이폰 13 미니 256GB [LG U+],"145,800원",https://cr.shopping.naver.com/adcr.nhn?x=p5bcIz8uSy0QtkDeMzvsd%2F%2F%2F%2Fw%3D%3Ds5Kit4zMdGXVhWEXHGbZPg1%2FnBgSL6mKL6DzN2QH54kwbsBKbbjTB%2BBCjsLv6tz%2BjGayFcMXhE0F5%2Ftv3TgXsIvU4kvInQywm1vUi3gpAmHiWVyjVVGc3T%2FVp%2Bbf9n4BfqaeBriOZ64n5xC6mE0c7LkgAn8lD2%2BxrgblrBqYwPdWug%2B9sjA7rHdeMLkY%2BwIMUH9J2IBuyzX11BjOUDWY3GjQZD6UDT51Dg8nNb9lI8fV%2BFLPJmN7kd5F0maTGsL0c4n996vHKOO9mxLGFNkIPtRWmF6pceAL5eHYrkUw0QCJD4P%2Bj2CVvS6QkrpszyaIoCuwrUM2Vi5bq9fxYHuPhKanayc11TwM0kuDH%2FdmViBVmyz%2BklkqUS80kK9XTaNeg5adVVOd36sZSkwU%2FrusCgnrN577y1Lus0zQsU3wYC3Qqrh11t6Gwif1RcR%2Byd7lcRcd%2B1iMq84hOD7Olqw7vxAvjwiuIVmVWpP5pRh7n9mwOrBnzQn1xhNb5a3I1hN2%2FuwP9L0j7YvHB2OKNn2rLcFh5umeSATQU0h8hV0hnvTDBAxopQpAnlvJ9WyCD%2FqaEv4YGjJCSIW1IvBxXT1wG93g8mqdl%2BI%2FitgH%2F4eFZwIZjtEEnHZo%2B%2FVuCJHvsmHjrDVCYCaeglF2rgr1u2OQIzQ%3D%3D&nvMid=29030376589&catId=50000248
Apple 아이폰 13 프로 128GB [LG U+],"633,000원",https://cr.shopping.naver.com/adcr.nhn?x=TRoKx94f8qqKHKK4BkEGkv%2F%2F%2Fw%3D%3Ds5fGaQxJTz5RgKrXj3MDaf7H6wNvK8xjiE%2BQHjO%2Bidj9hJz9H0Ub4KLvuVTVtNMxMXHnF%2Fyxx6D7%2F%2F%2BAcl0Ym07OEGt8aXKNSue9eOC5Vs3%2F7uq8piscEeub94n3xWJMa1%2FSlB95tpnZri1PLhHZLnci30QtKP1mA7BYZPpxeJLexWvZfe2todmJfmpbNrXnqg7gKiQG8MTIItSW%2BDJaVQrix7jXt7MNVc9AIu4EfDZlNEwRr%2B3STfYHGn%2FB5b3e4J0763J%2FY503AuDZjZCLGx4ehRMXOumafVpAdIZFAN%2BHDpmNu2Rs3tEPrV0ZTODsbWqyaFa2xLbpwGCJChqMDqnN3RTXxn6u0b%2BRmbtd4NoY9Z0SeMqENQcl4GV2BeGrFwu4MT6sJGdDPz84qqx16D6rkNhJI4npPYc4BChO47qsKdxpmR%2FOe9hARgxC56kTdfY6%2FHjXTWDbDzPbx50kyUZ51qr3E4Hnuiv4ZhWDHnDs%2BYS%2F%2BLHYOR26DZYLoloGYQbJE2qH6sAOiEA%2FCWTmW%2B1uPlVIU5hBIxOm0W4PeZJ8HG%2FKXr4K7pN1cEsp8Klk8a4mJBeKQVvWEWsuXyfvDHIqdXzW05yIQAeigwa5q0jBWhZ3SMHTcLlpircdRzUgq1JIslBmdxaTx7xO1%2BPPoWw%3D%3D&nvMid=29030175590&catId=50000248
Apple 아이폰 13 미니 128GB [LG U+],10원,https://cr.shopping.naver.com/adcr.nhn?x=ygTXKL5LFxT70TPm3D%2B5ff%2F%2F%2Fw%3D%3DsIcz0TkKtkOoWQjrvt2FT1atAz5eq59fbIlmghK4kx7phJz9H0Ub4KLvuVTVtNMxMhQfw5Om2W48br8GUWzTfarOEGt8aXKNSue9eOC5Vs3%2F7uq8piscEeub94n3xWJMa1%2FSlB95tpnZri1PLhHZLnci30QtKP1mA7BYZPpxeJLexWvZfe2todmJfmpbNrXnq%2BhHtf9UPvVuecHCypfH0H7ix7jXt7MNVc9AIu4EfDZlNEwRr%2B3STfYHGn%2FB5b3e4J0763J%2FY503AuDZjZCLGx4ehRMXOumafVpAdIZFAN%2BHDpmNu2Rs3tEPrV0ZTODsbWqyaFa2xLbpwGCJChqMDqsgcZ2k1tnUhNwK29cS6q289Z0SeMqENQcl4GV2BeGrFwu4MT6sJGdDPz84qqx16D7FzrfWw9foYrFRnhEJrILEKdxpmR%2FOe9hARgxC56kTdfY6%2FHjXTWDbDzPbx50kyUctCCDv3O8qpgwhizJk%2FVqI%2BYS%2F%2BLHYOR26DZYLoloGYQbJE2qH6sAOiEA%2FCWTmW%2B6wjFyh7EWYQbN%2B0SdyjNOJPwCXFJiRdosf3os3K%2FWn11qe7IRkJIzbxs4avDRxf7Gf%2Bfjgif%2FetZjUse%2BdCEV%2FNjqh%2FZemCCOboDhnweAmG&nvMid=29030431586&catId=50000248
Apple 아이폰 13 512GB [자급제],"1,378,900원",https://cr.shopping.naver.com/adcr.nhn?x=4GCXje9A1hQtryxG51EqMP%2F%2F%2Fw%3D%3DsSuvBtXMZKy4np6HFJCAQO373aPROpL6lS%2FZYEFe7dkcbsBKbbjTB%2BBCjsLv6tz%2BjjhFtUJYSdh39M4%2FEiVe6oWnxzyAIthYwxySS967tnJ%2BWVyjVVGc3T%2FVp%2Bbf9n4BfqaeBriOZ64n5xC6mE0c7LkgAn8lD2%2BxrgblrBqYwPdWug%2B9sjA7rHdeMLkY%2BwIMUMitlUrK3fytmuS7rXutm0DQZD6UDT51Dg8nNb9lI8fV%2BFLPJmN7kd5F0maTGsL0c4n996vHKOO9mxLGFNkIPtRWmF6pceAL5eHYrkUw0QCJD4P%2Bj2CVvS6QkrpszyaIoCuwrUM2Vi5bq9fxYHuPhKYl2TjS6OJTeLZ%2BqdtmwBzzDdWA3teLLKa5C5dleihfa2HvQrG1q57G6KIPveES%2FyEUGCRp0y8ePhtmQb%2BxRya6D5Nr68hVNdNJQnD8kyTvgRcd%2B1iMq84hOD7Olqw7vxCIgB3gYnTr0Wj7h5xL1%2BCl1I8EDCh5n2RBrPUf%2BYM4BX8a%2FHvPOPEuDd1Ce%2FzZYNamcJ0wjRlef%2BGTG33Yjo86wUFInUc%2FPSjfWeSq8pqDU4pvD9eEBi6oBVZHvnahdtklz292sUQgmgmiFsSXhz0EDfkLIyuldBS3f8m8e6nLmzUhNzs2VE%2B%2Bisqs3JAEppg%3D%3D&nvMid=29030496586&catId=50001519
Apple 아이폰 13 프로 256GB [LG U+],"762,800원",https://cr.shopping.naver.com/adcr.nhn?x=yhouO6zu4zf9elRGkUoKwP%2F%2F%2Fw%3D%3DsGYIcIOVf0VhSGIc7dEmDt1FdrQ8kJMaqShlmxB5vJp5WQE1WikGGRjsm7ORTamZ7%2FLjXm2j8JW92BLFU8fnsMjrRuQTCiepZ8XMww9XDl%2FEZ2gLOrbwWZjrwEhOcZvsepag1ROb7XgBjDLYiZbPBJ0Pg%2F6PYJW9LpCSumzPJoiiI9aZyW4hhCgmcrsQhWGWG1qpTT70Ggsw7BdaCH1Z5mvKAXVfyDB1yTbVYYpYzcFnUHxlEatbmVq7jmztE%2Fywsq4Eg2Ad0XFOTYmxZhzr0mzkrJsD%2BxslnIbtSbMjuMWOAbCY81f975eS5nfR25FBiP83WAv8GAIoQ0MwLPWeb%2FQxbDYnXA6gazVfNpDsdMmYVjQCpIk5kx4sJW2hrRfnKqwZ9aKCnp%2BOD2OzgCp1jz%2FCFTvMPs8reyXJy9QfCQCqZzZyDfGo1SQoYRvXGDzWdJDnYvpfz%2Bh%2BZ6wVz3KJUXpoSJ4YK%2FhmXub29GG%2B9WM7pLKfV7lHXkGfYNhWiUOPtINRw1QNF%2FOPJXb5%2B358LYBA4WqDe3seOTaEY2inkUB3vW2q1ZBpuV%2F%2FvtKUgTGHnLPgZS2Cidwe52oAEpJ9mdqXb3%2FK4Os1ljfQ87omUoHTHICEQpPL7Rm%2B2fyhjEhHR&nvMid=29030415586&catId=50000248
Apple 아이폰 13 미니 512GB [LG U+],"479,000원",https://cr.shopping.naver.com/adcr.nhn?x=34JJgEuVfPvjseL%2Be7lWK%2F%2F%2F%2Fw%3D%3DsslWoeTNI%2BEv6xph0b%2B5ECCELKTDJpb4Fmb2MU1ihGDxhJz9H0Ub4KLvuVTVtNMxMuCWSsAL%2FkIIt4jAE14ofu7OEGt8aXKNSue9eOC5Vs3%2F7uq8piscEeub94n3xWJMa1%2FSlB95tpnZri1PLhHZLnci30QtKP1mA7BYZPpxeJLexWvZfe2todmJfmpbNrXnqmNCzWTrruETuuT6FCzP1m7ix7jXt7MNVc9AIu4EfDZlNEwRr%2B3STfYHGn%2FB5b3e4J0763J%2FY503AuDZjZCLGx4ehRMXOumafVpAdIZFAN%2BHDpmNu2Rs3tEPrV0ZTODsbWqyaFa2xLbpwGCJChqMDqvFMu6NysdAa2TTiqKYAAIk9Z0SeMqENQcl4GV2BeGrFwu4MT6sJGdDPz84qqx16DwFHSrc1SSzrxS8JwGuqLbcKdxpmR%2FOe9hARgxC56kTdfY6%2FHjXTWDbDzPbx50kyUUL8CDsR2GxHr6Pm4W9wYJbg9HL5PY042frnJDEEQETmQbJE2qH6sAOiEA%2FCWTmW%2B81TYgWaF0Mm1DqvlcEqR%2FAHaR8JROhhJdL3IweMlrCDPGVRaeQkUYy%2FqpdZYD7xcA5bjWEmBUNATOsNuAwqP91WhZ3SMHTcLlpircdRzUgq1JIslBmdxaTx7xO1%2BPPoWw%3D%3D&nvMid=29030419586&catId=50000248
Apple 아이폰 13 128GB [LG U+],"383,000원",https://cr.shopping.naver.com/adcr.nhn?x=ZDA4Q2CguCEGJKtWzppSgv%2F%2F%2Fw%3D%3Ds9217zEJ%2FyRD7RQqETemkCpbBGmAFwLkfPXwtduFGgnFWQE1WikGGRjsm7ORTamZ7kVIEslnywXC3Vf9C27USIzrRuQTCiepZ8XMww9XDl%2FEZ2gLOrbwWZjrwEhOcZvsepag1ROb7XgBjDLYiZbPBJ0Pg%2F6PYJW9LpCSumzPJoiiI9aZyW4hhCgmcrsQhWGWGwosKqTnb%2BAqxbJsu%2BamdqfKAXVfyDB1yTbVYYpYzcFnUHxlEatbmVq7jmztE%2Fywsq4Eg2Ad0XFOTYmxZhzr0mzkrJsD%2BxslnIbtSbMjuMWOAbCY81f975eS5nfR25FBiP83WAv8GAIoQ0MwLPWeb%2FQQ5W3gYQ5DW1ggnCXxVQ3MVjQCpIk5kx4sJW2hrRfnKqwZ9aKCnp%2BOD2OzgCp1jz6Dhpz1Ze4SDpnceUAUy226ZzZyDfGo1SQoYRvXGDzWdJDnYvpfz%2Bh%2BZ6wVz3KJUXv0BXJU5Aov%2BHQLSy8gQIRyE4FQdvRmo7oxOSvwywmchfF5d65j2%2FFl5WUjCeULUDs4nY%2BbiR6oJHKWhcUxayTsSzxwVRNV%2FYRemZK5z1sCEGVAP4ttMQlF92LtEhVtEtcjBskYUHO8Pqd%2FYe0tr9x8dHI8FZtQVGFZJxOyBDKc%2B&nvMid=29030372586&catId=50000248
Apple 아이폰 13 프로 맥스 256GB [LG U+],"1,002,400원",https://cr.shopping.naver.com/adcr.nhn?x=UF9jE%2BW5zgb3PzUODsSIdP%2F%2F%2Fw%3D%3DsjGvT2aS0rz4FAeNJWbP5wmZpOnLDo2NeO1%2FuWSUUTUMbsBKbbjTB%2BBCjsLv6tz%2BjADmtcnr6URnTyxbkpZXOsPdI1SusH7wiV8Rix9d2RlGWVyjVVGc3T%2FVp%2Bbf9n4BfqaeBriOZ64n5xC6mE0c7LkgAn8lD2%2BxrgblrBqYwPdWug%2B9sjA7rHdeMLkY%2BwIMU0nYCIitiLlu%2FFmiEv68MvzQZD6UDT51Dg8nNb9lI8fV%2BFLPJmN7kd5F0maTGsL0c4n996vHKOO9mxLGFNkIPtRWmF6pceAL5eHYrkUw0QCJD4P%2Bj2CVvS6QkrpszyaIoCuwrUM2Vi5bq9fxYHuPhKU7fDU%2Fw6VAMYLJ6tQiW5jKyIO5LxkeEjODSRVb77kpr5adVVOd36sZSkwU%2FrusCgoqqw%2B5rBVd6tPKAzTsXVJWD5Nr68hVNdNJQnD8kyTvgRcd%2B1iMq84hOD7Olqw7vxE%2FS734Z%2FTZmXm6tOkbefL2R7VFzZNPOsAPWlJTSi1RP%2BWGy5ca2oGmiEF%2BpCQwY%2FA%2BkJGYwmXDDU0eI3k5l%2BOXf7uqAE8KhIapwSytxW7Z2ramjBwCZI9AwCV4mCTWQmYDNQAwts0LIBflKE29UckLEW6FIzVMV9v59FAJHjJIxaGimR4pR27mrh1IoDTOSgA%3D%3D&nvMid=29030190586&catId=50000248
Apple 아이폰 13 프로 맥스 128GB [LG U+],"899,200원",https://cr.shopping.naver.com/adcr.nhn?x=VtzQDC9EqH%2FbJ%2BUrUNx3qP%2F%2F%2Fw%3D%3DsWKv4ZUAa5QuXNdGv%2F75V3VEFMMhoX4MRZBAd6lHbCyphJz9H0Ub4KLvuVTVtNMxM6qv4rK%2FulDkiyoP2%2BfBWsLOEGt8aXKNSue9eOC5Vs3%2F7uq8piscEeub94n3xWJMa1%2FSlB95tpnZri1PLhHZLnci30QtKP1mA7BYZPpxeJLexWvZfe2todmJfmpbNrXnqW6RWFOvR2FN0g9uRh450ELix7jXt7MNVc9AIu4EfDZlNEwRr%2B3STfYHGn%2FB5b3e4J0763J%2FY503AuDZjZCLGx4ehRMXOumafVpAdIZFAN%2BHDpmNu2Rs3tEPrV0ZTODsbWqyaFa2xLbpwGCJChqMDqo4A8Oqgkzvz5TKrbCndCGE9Z0SeMqENQcl4GV2BeGrFwu4MT6sJGdDPz84qqx16Dy%2Fla4Y1Vm8qS8Y48Taz%2B8UKdxpmR%2FOe9hARgxC56kTdfY6%2FHjXTWDbDzPbx50kyUd5TwUlrPPAA7xkROGh7c%2FKlYXAc1EDVseRQbJ7t9Rfhocw36emOWauNlqG7SEpRs9YTn1%2FzezPirwcQebHHQM1gn6haUGgUhhtjynPzlzLDEaThcwm2jOjlPe7qD4n46y2aY4kqRgXx0gsuOhNxtt2wjO5ZOSfXFDsy3I4XESsSHRyPBWbUFRhWScTsgQynPg%3D%3D&nvMid=29030352586&catId=50000248
Apple 아이폰 13 256GB [LG U+],"502,000원",https://cr.shopping.naver.com/adcr.nhn?x=zU9%2F4rqaj%2BhcQ%2F9CApFp%2Ff%2F%2F%2Fw%3D%3DsoIfZDds2NYI7jCpnBydD9U7u%2FyvnkSqknLcfFQnqEUcbsBKbbjTB%2BBCjsLv6tz%2BjtzmHq0p8s2BHe8T48kvdtbKIwMv2Qi5gvoZmYY7NGPCWVyjVVGc3T%2FVp%2Bbf9n4BfqaeBriOZ64n5xC6mE0c7LkgAn8lD2%2BxrgblrBqYwPdWug%2B9sjA7rHdeMLkY%2BwIMUOYQbPHRk7gx3HlPTUxI7DDQZD6UDT51Dg8nNb9lI8fV%2BFLPJmN7kd5F0maTGsL0c4n996vHKOO9mxLGFNkIPtRWmF6pceAL5eHYrkUw0QCJD4P%2Bj2CVvS6QkrpszyaIoCuwrUM2Vi5bq9fxYHuPhKcMQLGPkMZTHkQ%2B9SiXndB6Gf7Z5iH2WLTFmlUaxPuov5adVVOd36sZSkwU%2FrusCghiUBfz%2FW65qzvc7ONtlTqODYZcKCeYHyYObKb%2Bmq4g0Rcd%2B1iMq84hOD7Olqw7vxG0C7huWhPjuGHDcjssgfJUHyKwMIinsXLRIwPAEQA4X2UjohpK7sZyY83SOIj%2FwoMMmEFaxu%2B7A6vGr5DkT5aNPwCXFJiRdosf3os3K%2FWn191QsgqZ9UWbDt%2BSp%2Fnq9gw0ROftXISoy3f%2Bo3yXTAO3Njqh%2FZemCCOboDhnweAmG&nvMid=29030189588&catId=50000248
Apple 아이폰 13 프로 512GB [LG U+],"1,112,600원",https://cr.shopping.naver.com/adcr.nhn?x=bQAYHmYif0kat3rVBEUfuv%2F%2F%2Fw%3D%3DsMc7ANkTXPmX6R6YmNLIob8gHVSN6BX05zAcuETeYbRthJz9H0Ub4KLvuVTVtNMxMWWaFQsBYg4dFPoznmHBLJ7OEGt8aXKNSue9eOC5Vs3%2F7uq8piscEeub94n3xWJMa1%2FSlB95tpnZri1PLhHZLnci30QtKP1mA7BYZPpxeJLexWvZfe2todmJfmpbNrXnqIsGCGgJXjOrApw75v82D8rix7jXt7MNVc9AIu4EfDZlNEwRr%2B3STfYHGn%2FB5b3e4J0763J%2FY503AuDZjZCLGx4ehRMXOumafVpAdIZFAN%2BHDpmNu2Rs3tEPrV0ZTODsbWqyaFa2xLbpwGCJChqMDqrqBUqtLNEarKeUCzjf2MXE9Z0SeMqENQcl4GV2BeGrFwu4MT6sJGdDPz84qqx16D7F9gv%2FDYFhSBn0eCuZpQPcKdxpmR%2FOe9hARgxC56kTdfY6%2FHjXTWDbDzPbx50kyUSeJL2t3c6r95TKEQLGoh4fg9HL5PY042frnJDEEQETmQbJE2qH6sAOiEA%2FCWTmW%2B21cJLSdX%2Fr%2Bqx%2BLEBgaQcG7tIBFdu9Rg%2FIh2xwVHG1uq27jxb1hj14l2wMh6ZdZfy7IliqHlbqdRTvHpVSZU9QDfkLIyuldBS3f8m8e6nLmzUhNzs2VE%2B%2Bisqs3JAEppg%3D%3D&nvMid=29030295586&catId=50000248
Apple 아이폰 13 512GB [LG U+],"902,500원",https://cr.shopping.naver.com/adcr.nhn?x=xolXTa1MxDnimPR2F936JP%2F%2F%2Fw%3D%3Dsfy7bWYUCBt4R0bG7Uk0LsReddPDX%2BffhqEiSGmmvRp9hJz9H0Ub4KLvuVTVtNMxM9pn4dL2naSXBuijjnV8wkbOEGt8aXKNSue9eOC5Vs3%2F7uq8piscEeub94n3xWJMa1%2FSlB95tpnZri1PLhHZLnci30QtKP1mA7BYZPpxeJLexWvZfe2todmJfmpbNrXnqJg934XoEkbAciqCMIan0C7ix7jXt7MNVc9AIu4EfDZlNEwRr%2B3STfYHGn%2FB5b3e4J0763J%2FY503AuDZjZCLGx4ehRMXOumafVpAdIZFAN%2BHDpmNu2Rs3tEPrV0ZTODsbWqyaFa2xLbpwGCJChqMDqvicfG6rtSoACubct1uxnlA9Z0SeMqENQcl4GV2BeGrFwu4MT6sJGdDPz84qqx16DyXx2CHMt3N9MJvCYgJNI64KdxpmR%2FOe9hARgxC56kTdfY6%2FHjXTWDbDzPbx50kyUeUXa2YYIrHCPbTlWFTTxsAOTnITeXUIiGAT3tHOc0GbTKo5CnlLrO%2BPacbML5XxEfUkJbeq4yMVaPw4VfN%2BZyOIDf9TYDOC4LzgCehLsur5PYZ5mO7s1Ly6bub8nqsObiSDBJXP5scWyPO%2BaK%2FJhHCFbDf4gHI5rSMJU1BWcIOg&nvMid=29030296586&catId=50000248
Apple 아이폰 13 프로 맥스 512GB [LG U+],"1,321,000원",https://cr.shopping.naver.com/adcr.nhn?x=iiVnicWhszwnEWVHm33zBf%2F%2F%2Fw%3D%3Ds%2FrZoam47GGPAGVrs%2FHu2L3pLUEzh6S0CaoBb2MQTAmthJz9H0Ub4KLvuVTVtNMxMZcKStjgWcBzMldeL7I%2F5j7OEGt8aXKNSue9eOC5Vs3%2F7uq8piscEeub94n3xWJMa1%2FSlB95tpnZri1PLhHZLnci30QtKP1mA7BYZPpxeJLexWvZfe2todmJfmpbNrXnqC8G1K0WqC%2BMx%2Bsb%2BJ3EYX7ix7jXt7MNVc9AIu4EfDZlNEwRr%2B3STfYHGn%2FB5b3e4J0763J%2FY503AuDZjZCLGx4ehRMXOumafVpAdIZFAN%2BHDpmNu2Rs3tEPrV0ZTODsbWqyaFa2xLbpwGCJChqMDquwN9r4MmCoghy7gHLILeHs9Z0SeMqENQcl4GV2BeGrFwu4MT6sJGdDPz84qqx16D3KbGQPiUHE6CoSRQkRutMcKdxpmR%2FOe9hARgxC56kTdfY6%2FHjXTWDbDzPbx50kyUd5TwUlrPPAA7xkROGh7c%2FI%2Fjl5RTTG9J76ewxlkB2Tqocw36emOWauNlqG7SEpRs0sZ%2FFof9Fvo4Q%2B9cWSMUxWZOOUeZoIK4dyq3MgQXX%2FcYnHIcETcJifOE8sb44IMxROeE3uO5E4WAyMvw3ovTyvXQYtgZ7EZ7S9VIGzIHqaLDhLBwu%2FFQS5xWYf5w6G3jQ%3D%3D&nvMid=29030181590&catId=50000248
Apple 아이폰 13 프로 1TB [LG U+],"1,426,200원",https://cr.shopping.naver.com/adcr.nhn?x=G9%2FvK3PbsBlfNaGTeCoiMf%2F%2F%2Fw%3D%3Ds8DN5bpNJgVaUxJ4lkZOAcAhVoHPaSbVTrO0pqawcLhdhJz9H0Ub4KLvuVTVtNMxMukITuD3etWcMR7sIqA25pLOEGt8aXKNSue9eOC5Vs3%2F7uq8piscEeub94n3xWJMa1%2FSlB95tpnZri1PLhHZLnci30QtKP1mA7BYZPpxeJLexWvZfe2todmJfmpbNrXnqXjTaYLCBU0RKnrlIKcfhorix7jXt7MNVc9AIu4EfDZlNEwRr%2B3STfYHGn%2FB5b3e4J0763J%2FY503AuDZjZCLGx4ehRMXOumafVpAdIZFAN%2BHDpmNu2Rs3tEPrV0ZTODsbWqyaFa2xLbpwGCJChqMDqsr2%2BlIUG892JK0EiFHxosM9Z0SeMqENQcl4GV2BeGrFwu4MT6sJGdDPz84qqx16D1erT3qRIV%2BLaCnOeFqzgoYKdxpmR%2FOe9hARgxC56kTdfY6%2FHjXTWDbDzPbx50kyUa%2BYPDMD9m7la%2BI9awrbzM7%2FzaVgfXndF2fkBs0qzZTvfpF8bfclcJjAeddKIqLqoO%2BL4nYoYTAYgwT1bI50lZw5chMN%2BIA7kxll6nAF1aD1XAbBD8b5P3FtMPwyQNNUj%2B35yhZUAirv3kG1pdlhf%2B1Xc50eBITwugSNPH3Ok09sVpGw61BSdoQRvEGgfFlc5w%3D%3D&nvMid=29030294586&catId=50000248
Apple 아이폰 13 프로 맥스 1TB [LG U+],"1,580,200원",https://cr.shopping.naver.com/adcr.nhn?x=eNlk1zREZb9642Ujz6Biqf%2F%2F%2Fw%3D%3Ds3Giel8D4mB4F4hp%2FJGM1M1nTykhQN4uK31X%2FjZ%2B%2BFf8bsBKbbjTB%2BBCjsLv6tz%2BjFfmDwhKEuDrrPZAU9tDlaQ%2FfdYZbM3%2FbdjEY1ITUen%2BWVyjVVGc3T%2FVp%2Bbf9n4BfqaeBriOZ64n5xC6mE0c7LkgAn8lD2%2BxrgblrBqYwPdWug%2B9sjA7rHdeMLkY%2BwIMUv%2FiyLKIYZJmYdqtV06rV7DQZD6UDT51Dg8nNb9lI8fV%2BFLPJmN7kd5F0maTGsL0c4n996vHKOO9mxLGFNkIPtRWmF6pceAL5eHYrkUw0QCJD4P%2Bj2CVvS6QkrpszyaIoCuwrUM2Vi5bq9fxYHuPhKcqkdcmdvOovskz2%2BvTBMev%2F7o7FWrG5eSV5%2BOYdt76L5adVVOd36sZSkwU%2FrusCgtaY3new9lBdga9mXDoiuxqEXu7h4MjRd1l7DPQRwepaRcd%2B1iMq84hOD7Olqw7vxE%2FS734Z%2FTZmXm6tOkbefL3NmNeNtmyU90ZP2IshItgWmlPajaisdEHNdTMLgTpRZhjq0%2F6db1IzRS1vt1JNKotIZiv0aVAMETk0VNR60kGKiA3%2FU2AzguC84AnoS7Lq%2BRA3UDLQVT22q8DXY8CpPtQjI7KFbIUuGQhnpnzpcP3fhWw3%2BIByOa0jCVNQVnCDoA%3D%3D&nvMid=29030181587&catId=50000248
Apple 아이폰 13 mini 자급제 128GB 핑크,"921,500원",https://cr.shopping.naver.com/adcr.nhn?x=cVVTTGfsz02OrpWpZGjWg%2F%2F%2F%2Fw%3D%3DsJoLi%2FUzwIAM05kHFPFspePas9RBFZgwXtHoD%2FW3kiyQbsBKbbjTB%2BBCjsLv6tz%2BjXt3rFnKV2PeK37QqxNkq44T5sGlAduwyDer962AysbOWVyjVVGc3T%2FVp%2Bbf9n4BfqaeBriOZ64n5xC6mE0c7LnULJJH%2BMKqMyaVu%2BUeO3m60%2B85WmSKK5LY2dJjcChMGEH%2BAaYhDPzU3ewm5W9RQFdZvC7h88OrTsd6pZT12o8hoCkj07qdDsSAIfJ4r0cnfE8Sq47jeI0NlqEn6ftOJSbS5nP%2B8vPWPfSBwfu8dRnUMC3ccBqdjewOm7P%2BeTkNJprz86LPC2rglUcxYCYcn7cv%2BjB2erv%2BZ%2Brrs5VHOiTRLlIk0uAh1LVcUK1nkYRMYznoGYHPx1%2BfqFWEJjnrEFCKJ1ClfT5qJLwdxGLuplujYe9CsbWrnsboog%2B94RL%2FIrMmSRDDfiq%2FHinzt25hS8DhcZB%2FpyzAKzLgR6NLnt3TGc4rMR7shA2z21jJoflWDP8H9INbQ1dTKZnauuqhUKlZ6khYrjCzP%2FC%2FSdU1jFTsvcSYz5BtuM9SQxlZMQL1Rn38Bm%2Fv%2FYgNmaL8nhea4ezLxNaJs0MwLlKxnq38EwrMaIbT4wPT2RVq4kndhIVrUqOsTBIvGRrNJyyj9yI2k9bDgJ2AezX09ORX7Vt%2FBp0CFbDf4gHI5rSMJU1BWcIOg&nvMid=29619937553&catId=50001519
APLLE 아이폰13 미니 128GB 미개봉 미개통 새상품,"728,550원",https://cr.shopping.naver.com/adcr.nhn?x=RLDv%2FDmOaxlEwWoIChTq2P%2F%2F%2Fw%3D%3DsIcEcEJqsPAWVEGrqPMjpyQRpMY40gjO7lY0wZTN1sN9hJz9H0Ub4KLvuVTVtNMxMrw%2FpBL5eFPWZBaRvAaRWlLOEGt8aXKNSue9eOC5Vs3%2F7uq8piscEeub94n3xWJMa1%2FSlB95tpnZri1PLhHZLnbDXn0IDLBCgN%2FK3%2BGwmqM%2BpFjjh%2FGPU%2BK9K7OXF%2BaHk0eX6N0xSuoVW6n8HgFyAb2xarqDC0KIakHBKgbiNqPlmpS17kZGBCQOY0Dgp%2BPvMFalojUnG6MnIWKYkFqilLzPDpGIrabitp2up06DaRfi54J8UO7LDGXdPU9Do8oyMXmq0wb8nQ9S1CNyVqQgAyMzo8t5aqHdg7nzsbkgyMS%2BS3h5xumjHDcbDFtP18vRiYYyQomAOCRwvaXv4BU13v8x7cpxvF1YcqfK3vjvpUP7HucSYiKFY5HbZLD9h1eHmlZlNqEptH2k2dmIuA7FJ2AY%2Bd8nAIoDgRkrhkwFRlqy%2BAbHZa6tXmcS2XJNiDED1hsPSVDQs5zptLYv92QH5eI8hXHDxm2RqgbiURzZGmejnDSynubYjTybI%2BxHDQp9pLoIg4eUvJ%2Fu0XNDHjbs4HW%2BBRls2Lu2VGdvSVD%2FqUvi84BYHCuhngWS1PSyzvTse5Hv1T%2FoDPeAT2ZD%2BWCfnsQ%3D%3D&nvMid=28956794174&catId=50001519
애플 APLLE 아이폰13 미니 128GB 미개통 미개봉 새상품,"698,190원",https://cr.shopping.naver.com/adcr.nhn?x=FV89Ittc69YKkRITbQ2mv%2F%2F%2F%2Fw%3D%3Dsh%2FB6IwiD2EZLrqRBSto6jIN6qCDs5I%2BdEN%2BLzPofhKsbsBKbbjTB%2BBCjsLv6tz%2BjzWtJ2lY3ULXomUVAI9eR766YdVi%2Fw3%2FR3FdI5pV92keWVyjVVGc3T%2FVp%2Bbf9n4BfqaeBriOZ64n5xC6mE0c7LsmCS8YqD3IEJhWUPeYSnGEnxTl42dGCYBR9DMfmEMwEpH%2Fcc6sfsdOyW6vPii5hpM4nE1edC%2BtYsNOsel%2BU1lCJq6JodeBYp4AwfW%2F%2Fa9%2F7536AAHD%2FaCjs0HXPjfSeOiiNMdu%2FDZwp%2Fv96WTM%2FWqDGsCEAaB0bUuA7guzNM7s62Bldf3COZ96BoY8oaOvQOIehRMXOumafVpAdIZFAN%2BHDpmNu2Rs3tEPrV0ZTODsbWqyaFa2xLbpwGCJChqMDqqd0w7IWkdQkgLRhW%2FtLaKra1pTEtIcehoVRIHZM6ISy2HvQrG1q57G6KIPveES%2FyNkAjSEQ%2FRXXuF2BSFhIKoyWPxmqousxB2b%2BF4sLw3VIc7j2jykJ%2B39Rau%2BOkW9BXIOGIAQ9AwoyEAQDLTj9OXjT71yRVg%2FuWjOkdD9faw73%2Fq7LqZxezf3YtmFu2SAR68T4LNhk1f3YB6aFMHGZazZfIHq1UblARqsj54%2BqU2uf7QdvoQOR7wBNTSMN1jUArXwJeXbnU6mZaLN%2BXPYoRZyeYNeJDAuDlnVd8Bk6NKtbS32D%2Bc6i6HvuySnRk38JGc2OqH9l6YII5ugOGfB4CYY%3D&nvMid=29797964079&catId=50001519
아이폰 Apple 아이폰13 미니 128GB 구매가 24만원,"246,000원",https://cr.shopping.naver.com/adcr.nhn?x=DL%2BLCi5fgrN0RwomgnLWev%2F%2F%2Fw%3D%3DskShjJXYkKtIpmJeMSgwU6CzZaRRc6HVCisDRArMVLNphJz9H0Ub4KLvuVTVtNMxMa0zY06MoWgznV%2B9dz9SZp7OEGt8aXKNSue9eOC5Vs3%2F7uq8piscEeub94n3xWJMa8g1wDlRSc6KhDrFnLVbrcIfsjsQob2Ne0L7w9JaI7kin0b%2F5UhxhZOSwwPJ7NL%2FBq%2BwCWpxKyY5gBvXUiP0NE4cEt4JvrneugrCatPTh0CufaEaGM9rSxNh8rWPyOrqWyLfRC0o%2FWYDsFhk%2BnF4ktzVCZ4rdk8hPModxsSdH4jwzy7ZHKZKOIRrnxmnMQMxBKzU9MVd1xfGVM2NmLWpZbgxuHr8vjNd4%2BuFGDp4U8hkOJbON%2BDmzxL96ZL6Hqchyxv197fyjYSyXFrroWYEUdpaDbfIQggxCue0co08%2FWZJvMW5uM5I8j3vtyumeFnfJKcovKWBTs3kHEoxtl%2By8BnVonn5ECp%2F2epsjBZKVrV8pxrllXbNtqCepGd2%2BUAAzrANn%2Bx11xAoqVWr7h6PEgeYQsU7TtARBhTKL6TvT1FOIHNNv5u4IB2RJReFYUzTHHkA52vhN8evXCwZPn0jyG29TZjqEQTAbFzUBl8432wvhVEAf6wwM5tqtSh0bB5Hx&nvMid=29860284145&catId=50001519
Apple 아이폰 13 자급제 256GB 핑크,"1,193,100원",https://cr.shopping.naver.com/adcr.nhn?x=jUfl47Hor99NQvm2jmMlp%2F%2F%2F%2Fw%3D%3DsexjJkYYeI1vFkQGyviFLrWKsb7dQEdhTJ7UilspDYIdhJz9H0Ub4KLvuVTVtNMxMU03Dt9jkB%2FIt1gLcGH6SlLOEGt8aXKNSue9eOC5Vs3%2F7uq8piscEeub94n3xWJMa1%2FSlB95tpnZri1PLhHZLnW3JzeXxkSdTecfUR4%2FvRQjd%2BKwjnmE8nmku4yNhWgwhmfLAARyRl0caaiEG3Q2bqyz6dcaQz9e%2ByYAHgK2%2BPMoTb0YFv5s1A1QcMmek9kATDL5S2pzgq17msx2gBlP5xqK5uUEs%2BqMGnIyvfnClDLDET9hbAApfQ6LiDB6HpcZa9GA7SJ7%2FquWYsvvWXrrhvVVd6Z%2BmZ5fvTALbBBPmfKLmnGLANk9TjQtjOEdf9xG%2Fo65IRkSiKjdY9JutSj%2B9t4UGqVixlRawlOfNP3JaNpcr3wpohlrhUETRXnCpgZJO71FNejUGaLuMxE97wOjK5YwefsEME1qpc2agpsB5My9rjZ2xmQBbSTpS2KGtxtV5TFBmofCR4tqM5kuMzfZdpzrmyvLWqQd0x7UYg%2FvW6zoGQ9gw9OBCYzxYVU2NTWOFnS93koHGCZcQhAUxP2fDhLk9yx2LE4ozzid%2FD5TsgrqybxoyuFRpkpfXh381C7hJjg3OyEcLxFRQzTE423io%2FVrJefoOJbmkO4BD9YMbmM0NUJgJp6CUXauCvW7Y5AjN&nvMid=29064755783&catId=50001519
Apple 아이폰 13 자급제 128GB 블루,"1,057,300원",https://cr.shopping.naver.com/adcr.nhn?x=H4TDRERscXbWKwb%2B8CHgiv%2F%2F%2Fw%3D%3DsKXSG9%2FH4O6NTPWi4uGShtqgj5cecMjrTc3JMXUyJ%2BIdhJz9H0Ub4KLvuVTVtNMxM9hOktbRiQJxT%2BI9JlKXBPrOEGt8aXKNSue9eOC5Vs3%2F7uq8piscEeub94n3xWJMa1%2FSlB95tpnZri1PLhHZLnW3JzeXxkSdTecfUR4%2FvRQjd%2BKwjnmE8nmku4yNhWgwhmfLAARyRl0caaiEG3Q2bqyz6dcaQz9e%2ByYAHgK2%2BPMo47rUI1KGNvNa3fmjQmhl5bSfgMmFF7VTwhVMNFNU0PaK5uUEs%2BqMGnIyvfnClDLCB0%2FDmCwS4UpMumSG8psGv9GA7SJ7%2FquWYsvvWXrrhvVVd6Z%2BmZ5fvTALbBBPmfKLmnGLANk9TjQtjOEdf9xG%2FWZR2NYvAoFqkqjl9t0tGL4UGqVixlRawlOfNP3JaNpcr3wpohlrhUETRXnCpgZJOdOGtXW5z8DXikLTHD7OvR4wefsEME1qpc2agpsB5My9rjZ2xmQBbSTpS2KGtxtV5zsH5jOFn84TDjHByBH%2BQUVU6Vtoq315K93KoDisquj8GQ9gw9OBCYzxYVU2NTWOFg53cWsErX6K0SVFxDOPa5rk9yx2LE4ozzid%2FD5Tsgrq4Ngn0FfiAHzSwtqxXhOI8KoGNWj5AiR35oVRPpw1Er9dUpF7z8QhS%2FTv6G3BE5FQNUJgJp6CUXauCvW7Y5AjN&nvMid=29619782067&catId=50001519
아이폰13 자급제쿠팡 (무료 견적 받아보기),"262,000원",https://cr.shopping.naver.com/adcr.nhn?x=Yyg1NZAyggOGEk702aRm0f%2F%2F%2Fw%3D%3DsMSYpHE9yCiBsXbRWudJUPUFZxQVo5G44ze7EazNwBMVWQE1WikGGRjsm7ORTamZ7C%2FcZcJkj3MjozeJi0h%2BuSjrRuQTCiepZ8XMww9XDl%2FEZ2gLOrbwWZjrwEhOcZvseNg2VfAlxmz22QggGf1nXLGJAOk8rGMURUwfezUo9Xh6DwvKol3nzSLgGEq0VjVhk%2BuGGdLNMxiLWFATa5SYRWJ613bN7RVMMiJ7XI6PCrkmZ7Ravp2KFH9m0%2B%2Fj8gwABSACfyUPb7GuBuWsGpjA91YrHsbeStsmJBfOvK7DA6okX3uGAsofImehKNCDi%2BsExqfD8zaxXy6TQnTDcpnkUAX%2BUucnAxrsG3xHb9QOpCsKP6iFPehGkMryVgkcrimIwO7PM%2BrN27hV0zgw8wWGJOYHORR4iSZyt%2BZ9soezygAzQ8G25xntCjFxS8GfDt%2BF3ruDfzRS%2FT6gOqZfNQ8puFTyIgEREG6zX66u3xGUcEdAL6nrfebnckJCqgqS%2F1UnIViJdkMKO5j5ximgq2jqxH8KR3YKlD9qGAl6gX9HvZO6QwIPklGV7%2BiXiBQq25%2FdsJoXwvjy1nusnszxcOtJl7eR79U%2F6Az3gE9mQ%2Flgn57E%3D&nvMid=29142431651&catId=50001519
해외아이폰13 / 13 미니 미국 직구 iPhone13 무음 카메라 관부가세포함,"1,030,000원",https://cr.shopping.naver.com/adcr.nhn?x=arf0V3iMnyQWAmqN0Thmsv%2F%2F%2Fw%3D%3Dsqd0b6hQ0P7JtqOWBDKwW7hMP8JzZIvaHZEYSOVWv%2B3FWQE1WikGGRjsm7ORTamZ7wy6RQimJuMs3n3ESA1U62TrRuQTCiepZ8XMww9XDl%2FEZ2gLOrbwWZjrwEhOcZvsepag1ROb7XgBjDLYiZbPBJ7uVw3GdaDAvxDSjC3cnt2Z%2F22ms%2BW8TiQQNz%2FOHMMFFc5uXIg2hpc8%2BkT4q3M%2FITKcM%2BYCREw6Xa5Jxc%2FxPmbEDmKOpNTqOdE1FOH6RRWwCB7P9jx5KZr1oy9qstZx7m3U5Np7eEk3lLMFQsnHmfn6pqI1LrpXHr%2BqTSevAPaCKXa1PYAb0zmPF1cRoKRscXS9iNknJ%2FLD1dlCUhDGpaN3pMWOaDaIDSvfDqVHUQYwdVvvTE4ug5zIElwKkPN5YuZa3xwhaiEQiPXdOlT1C%2Bzwzb22IcPWATYUGQx2piS37yschz%2FyMy65pl5HxchzJ5JL74fV%2F7BVdThqSAQXL98%2BK66s1wFwLCl0jjrOUdFM2xPYW4z%2Fh5wtFqL80YDjfcjyHRwi8wFfXURfwcFWo9CYP7UbNjIJABWwM7q6UxJuW79egTa6%2FRiMMOo%2BMFuJmfnYDUWI9Ccc7Za6licZqwM8lcKYWNBEQLeGWgVxLEqsbDhLBwu%2FFQS5xWYf5w6G3jQ%3D%3D&nvMid=83250971273&catId=50001519
아이폰13 프로 128GB 자급제 새상품,"1,118,880원",https://cr.shopping.naver.com/adcr.nhn?x=6oZgbmDsWhR8CaedWi21Sf%2F%2F%2Fw%3D%3DsNvPYDkO%2B44gASqr9U5GYdfYMKMCiFEJJ1wb2j2eBVZobsBKbbjTB%2BBCjsLv6tz%2Bj6F064Bip0IbZ7toqbwpVqBAdvMQhd04FGwqsTufSXqGWVyjVVGc3T%2FVp%2Bbf9n4Bflw9pKzYEmPU2AncjLIw6Di8ffQLw1x%2F8Lf5s6Y8TBIHXkj%2BZW%2F1lJfgqvRvZaBhRHobLqCowvZoMHdD09Yl1vwTxfdDRiGo9y3sn9tRtaunm4%2FoluALs%2Fl20AQDGR9gw9GA7SJ7%2FquWYsvvWXrrhvVVd6Z%2BmZ5fvTALbBBPmfKLmnGLANk9TjQtjOEdf9xG%2FxVh0jsdjR%2B%2F10KY3D4d6yzYt8dQA%2FckMajNg50PSAP5sXg5lUvZD9zC7Fi9WJJOHIGvOVC1OXckZPV6XPwvx1yHBOzjbXHTpz30JbRCtmfPB6u0EWwAtM5Bg0F6Ev8F7PR%2FhKBFZoN3x5wxetQed14py0qbRAw24xBOhoW66GSimh0qofDrxIB07UPAlEBZxXZ1bCixz61L%2BWMVfebEz6C6CIOHlLyf7tFzQx427OB3v3mYpOQ6MrVlwnR%2Bcgtmg8g671q8VUv4o%2BhLsJjkDXeR79U%2F6Az3gE9mQ%2Flgn57E%3D&nvMid=30078558865&catId=50001519
아이폰 13 자급제 128GB 핑크 MLPH3KH/A,"1,046,727원",https://cr.shopping.naver.com/adcr.nhn?x=c9LAaUDZ%2FeTOwZuH8KjtpP%2F%2F%2Fw%3D%3Ds4PvzR5rRqATdJRfQmjVfJQ3bdcp8TvKftkJHWjGhopgbsBKbbjTB%2BBCjsLv6tz%2BjmNaxlandKj%2FgMRUBW79jMbywlm1b%2FF2JKgaxKHQian%2BWVyjVVGc3T%2FVp%2Bbf9n4Bflw9pKzYEmPU2AncjLIw6DnCmjomTCfccIxWbx2Xshhmig%2BHNPcXun0BGYcBoypJ8%2FjFdrkpzuJsCSZcCb2m1S5022jDzndHaTQni21kAxWQqs8FI7PXXYjZcp%2FrPY3q3ttL9uhYa5SgY92RIBZWuA5MWS55h8RDoPOw1lI1bqeinDPmAkRMOl2uScXP8T5mxA5ijqTU6jnRNRTh%2BkUVsAgez%2FY8eSma9aMvarLWce5sxxW%2BLDcNVaB%2FSVceQuOlNThiHt7ukJ0xLwu5Tnmhtwu4mGcLM55pRFSBsTnJmAyhadzr9qb1irEpRbkDTV43hMhydSHGCxW3lknX3venV45HCYQVNLk1ucTY4Z7EtU4WmXTvouwixcKq27RVpymEt7ocgrvvbQqoj9LeHsUtzyDZQ37MWXR34i3Thmxc4ZdREeFqn9obRATN5ZwUWFyIUKhLy2ccwQWyGmjtMoso%2FfWU3N0kWCShHUw4vdlvoRYURDoJlC7mM%2BNeD2r8T6e8St3w4OB6vbcT71pCaeSuxI1dznR4EhPC6BI08fc6TT2xWkbDrUFJ2hBG8QaB8WVzn&nvMid=29609866919&catId=50001519
Apple 아이폰 13 mini 자급제 256GB 스타라이트,"1,057,300원",https://cr.shopping.naver.com/adcr.nhn?x=gCrRIbz8%2FdDGc4gOFhz5k%2F%2F%2F%2Fw%3D%3DsWGstU%2FuBtPE875AdHJTiHV1x8O%2F9O0zqnfe%2FdSCU36xhJz9H0Ub4KLvuVTVtNMxMjTVJp762gfPTUBhVAsAMELOEGt8aXKNSue9eOC5Vs3%2F7uq8piscEeub94n3xWJMa1%2FSlB95tpnZri1PLhHZLnW3JzeXxkSdTecfUR4%2FvRQjd%2BKwjnmE8nmku4yNhWgwhmfLAARyRl0caaiEG3Q2bq9D4xCf1yKuZGZlWoMqRNxSMe8FYthkPobGNA3JnvaJZS2kPTbBElyXuNH3IhEjfwKK5uUEs%2BqMGnIyvfnClDLBCwEVQExVLd7I9%2BfXohOi99GA7SJ7%2FquWYsvvWXrrhvVVd6Z%2BmZ5fvTALbBBPmfKLmnGLANk9TjQtjOEdf9xG%2FRUAh3UIf9FZ5lZ5sAW7fsIUGqVixlRawlOfNP3JaNpcr3wpohlrhUETRXnCpgZJOrZBtApsCRaSDM72ggNOneYwefsEME1qpc2agpsB5My9rjZ2xmQBbSTpS2KGtxtV56niELDA3yv%2FR7vz6ys1pMvfbPBruNIoaDPXr1t36P6iSyZegfm1E0xZhicKxHRp50zZNqdkHoDc4prBr0jboEnV388MNTynBmrCiAQLm%2Bner7VAb36ErED7xDOmVlGU6c6nUf3A2JyRPARXQC28YH%2BE29UGBE%2ByzV6E6hYh3I9wDfkLIyuldBS3f8m8e6nLmzUhNzs2VE%2B%2Bisqs3JAEppg%3D%3D&nvMid=29056389772&catId=50001519
아이폰13 프로 맥스 128G 자급제 새상품,"1,261,230원",https://cr.shopping.naver.com/adcr.nhn?x=BoPfkTSxuzZ5tw8XZUsWRv%2F%2F%2Fw%3D%3DsJRi74bGBqjjnH1XUZsnwYUi3%2FPVYmKWXkZ%2Fhqvzv1RhhJz9H0Ub4KLvuVTVtNMxMkHEGRrpg4gdmp7HZdi2l77OEGt8aXKNSue9eOC5Vs3%2F7uq8piscEeub94n3xWJMa8g1wDlRSc6KhDrFnLVbrcO0JZ4vKXq2xVuFay0gNbwiO%2FsdgQE5FIA0Tw1QMogpFahRXrD%2FlgDeP3XzGaF4plPFExPF4ukBX0PtVWub2pR137nXDZODZO2DHZRMKAJ5XM8OkYitpuK2na6nToNpF%2BLngnxQ7ssMZd09T0OjyjIxearTBvydD1LUI3JWpCADIQHfMET%2BWZSBh16%2Bv8%2FnFp68Z9xYKAeeXusGxMgRxJ0RorTADHtWVx64D9c6akwJmEmwO4kikoVVhN%2FMIh%2FUGS5HCYQVNLk1ucTY4Z7EtU4V85nI129bb9uYt%2Btyez2b1PPq%2B78mEKf8tn%2FKJe8%2BLtIpaewzKFm6zbuuYIeISPZoTQ1rtctmji1dk6F%2FnfAaTPbVg30YDE04nWlMXri9aFavtUBvfoSsQPvEM6ZWUZToq%2FpkSRG51Bqs92r3ZzBS6eGpZ4qMIdsrFNlsogd%2BrXQN%2BQsjK6V0FLd%2Fybx7qcubNSE3OzZUT76KyqzckASmm&nvMid=30078645988&catId=50001519
